year,real,90%,110%
2010,428.25774142635805,385.43196728372214,471.08351556899385
2011,211.8059782928875,190.6253804635988,232.9865761221763
2012,114.27224905646368,102.8450241508173,125.69947396211005
2013,112.07537250173574,100.86783525156216,123.28290975190932
2014,73.65524874046352,66.28972386641716,81.02077361450985
2015,42.5601405920957,38.30412653288613,46.81615465130527
2016,68.10480932151832,61.29432838936648,74.91529025367015
