year,estm_count,real_count
0,-0.714973247,0
1,38.59712984,28
2,30.48775109,4
3,7.306294944,16
4,4.755714954,18
5,3.623576945,3
6,39.90434288,13
,,
,,
0,135.7448963,131
1,81.83723288,66
2,97.58269086,157
3,83.06526041,88
4,105.4150539,88
5,63.97850984,69
6,88.34349152,135